id,created_at,text
748920867212566528,2016-07-01 16:47:03,No need for presidential suites at Trump Hotels. See why Donald Trump couldn't stay at his own hotels as president: https://t.co/6yNEWP7wzO
748868501717262336,2016-07-01 13:18:58,"Fact: As president, Donald Trump couldn't stay in his own hotels. Get the data on the @enigma_io blog: https://t.co/6yNEWOPVIg"
745994466138402816,2016-06-23 14:58:35,Congrats to the all the companies participating in #FILNYDemoDay! Thrilled to have great companies joining the @FinTechLab alumni ranks.
745630634190700544,2016-06-22 14:52:50,"""We think data is extremely early. It's the 1980s."" - @merinids on the current state of data usage within orgs #LFTCNYC @FrenchTouchConf"
745627969465499648,2016-06-22 14:42:15,"""Successful data solutions are those that are repeatable and scalable to solve complicated problems."" - @merinids #LFTCNYC"
745625283856834560,2016-06-22 14:31:35,"""Our value add is bringing public data sets and linking with private data sets."" - our CEO @merinids at #LFTCNYC https://t.co/NPj96Gapo8"
741063857448194048,2016-06-10 00:26:06,We are thrilled that VCs and investors are saying we’re one of the hottest startups in America! https://t.co/w8iPS14M0o
741028908447981568,2016-06-09 22:07:14,RT @FinTechLab: #FinTechLabNYC alum @enigma_io presenting @CBinsights @merinids #FutureFintech https://t.co/ynVoNGQZfx
740990911304323073,2016-06-09 19:36:14,RT @DataSmartCities: New post! Predicting Fire Risk: From New Orleans to a Nationwide Tool https://t.co/SOtnGOmSwU @ojwise @enigma_io
740977445684285440,2016-06-09 18:42:44,"RT @BNarasin: The 11 Hottest Companies in the Country, According to Investors @subes01 https://t.co/LA3pVOOAqT via @Inc Portfolio Pride @en…"
739843049912569858,2016-06-06 15:35:03,"""ParseKit approaches ETL the same way I approach ETL."" - data engineer @alwayscheming talks #ParseKit on the blog: https://t.co/mHXkzipcjv"
732990906056495105,2016-05-18 17:47:04,We’re proud to see that @enigma_io engineer @AlwayScheming was featured in the @ColumbiaSpec: https://t.co/9esw308mGl
732954652107411456,2016-05-18 15:23:01,"Data does a city good! New Orleans receives awards for using data to eliminate a backlog of blighted properties
https://t.co/0NRQub3Af5"
731137184288235520,2016-05-13 15:01:03,"""Getting data where it needs to be is a non-trivial task"": Why we built our new infrastructure #ParseKit https://t.co/SoO3ZBFtHU"
730779928443142144,2016-05-12 15:21:26,RT @Cezary: Check out #ParseKit from @enigma_io: new infrastructure for scaling data ops and getting data where it needs to be: https://t.c…
730480766178738176,2016-05-11 19:32:40,RT @jatorre: Nice launch from @enigma_io on #ParseKit Cant wait to have a @cartoDB connector to it https://t.co/adZgSPenBt :)
730460188222869504,2016-05-11 18:10:54,"Introducing #ParseKit, our new infrastructure for building and managing data pipelines: https://t.co/s0DtTqmroo https://t.co/CSJN2OoIC6"
730457358053289984,2016-05-11 17:59:40,.@merinids says thousands of data sets being refreshed daily at @enigma_io. #ParseKit was built by us for us - now available for you
730457109268185088,2016-05-11 17:58:40,@merinids asks what's next?Answer requires massive orchestration &amp; data to flow in pipelines - enter #ParseKit #TCDisrupt
730456513916096512,2016-05-11 17:56:18,Battlefield alumn @merinids boasts broadest array of data to help the most sophisticated orgs solve todays data challenges  #TCDisrupt
730455198368452608,2016-05-11 17:51:05,Discover what the @enigma_io team has been up to since 2013 Disrupt NY win! @merinids up next! https://t.co/4q5qHNCuap
730452166960238594,2016-05-11 17:39:02,Our live #tcdisrupt update streams in 5 minutes. See you there: https://t.co/hOzJgRAIxE https://t.co/K1wshU5lVg
730404665188225024,2016-05-11 14:30:17,Frustrated with managing data ops? We get that. Catch our product unveiling at 1:45pm EST at #tcdisrupt. Watch live: https://t.co/hOzJgRAIxE
730092512547835905,2016-05-10 17:49:54,Our CEO @merinids unveils major product news tomorrow at 1:45pm at #tcdisrupt. Can't attend? Watch the livestream! https://t.co/hOzJgRj7G6
729798201625198592,2016-05-09 22:20:24,RT @alyssapwright: b/c some people are friends with maps. &amp; some #geonyc are all-female line-ups. #justhappens tonight! https://t.co/FsT4wM…
727849346809667584,2016-05-04 13:16:21,"RT @MPFlowersNYC: Measure, Manage, Conserve ... Proud to be part of the solution for California Water @enigma_io https://t.co/cmgubaAcso"
722113740523483137,2016-04-18 17:25:06,RT @ojwise: @gideonmann - Thanks for the shout out to #NOLAlytics and our partnership with @enigma_io in this post! https://t.co/TI9gE80Tsm
714635945824415745,2016-03-29 02:11:01,"RT @merinids: ""Data"" way earlier than people believe it is. In the @enigma_io office we have enshrined this principle: https://t.co/exKjDaF…"
712741829268148224,2016-03-23 20:44:28,RT @FinTechLab: Fireside chat from this month's @EmpireStartups FinTech Meetup with #FinTechLabNYC alum @enigma_io https://t.co/SAQujERupZ
711686409833332736,2016-03-20 22:50:37,"RT @the_power_grid: Sand Drag LLC (2011) is a 19 MW, Solar Plant in KINGS County, CA (35.983,-120.11) https://t.co/y61teincfy"
707574737359208449,2016-03-09 14:32:18,RT @CleanWebBos: Checkout 5th annual #Boston #Cleanweb #hackathon at @logmein 4/1-4/3 https://t.co/ifUAB3UQd4 @GreentownLabs @UtilityAPI @e…
707574669944160257,2016-03-09 14:32:02,RT @t_s_institute: Smoke Signals: #TaylorSwift &amp; analytics for preventing fire deaths https://t.co/m0QfL0Hu4O
707574593511358467,2016-03-09 14:31:43,RT @ThinkRiseNY: Hear from data expert &amp; founder of @enigma_io Marc DaCosta at Thursday's fireside chat w/ @techstars: https://t.co/wuGIfr5…
707574475202674688,2016-03-09 14:31:15,RT @BridgetScallen: @mapzen @cartoDB @enigma_io Thanks for your welcome to OSM and for sharing the skills + space to make visible sites + s…
705804442554253312,2016-03-04 17:17:46,Join us at the Inclusive Mapping Party for #IWD2016 where we’ll be improving @openstreetmap data 4 inclusion @mapzen https://t.co/56A29isrVE
700029932412518400,2016-02-17 18:51:56,RT @bsesser: Lunch and learn at @enigma_io with @MonaChalabi. Awesome perspective on using data in journalism. Thanks for coming! https://t…
697860086031523840,2016-02-11 19:09:44,RT @FirstMarkCap: Don't miss #DataDrivenNYC on 2/16 with @pluralsight @Neustar @enigma_io and @cartoDB! https://t.co/svbgRzEgFj
695370205510258696,2016-02-04 22:15:51,Laissez les bons temps rouler! Thanks @ojwise &amp; the NoLA team for a little piece of the celebrations. https://t.co/jjjWp7vZxJ
689514377976877061,2016-01-19 18:26:52,Check out this yo generator for React apps we just released https://t.co/bjfRMLm7gy … #webdev #js #reactjs #yeoman
688054325868912640,2016-01-15 17:45:09,RT @yaycmyk: A yo generator for React apps that works flawlessly! https://t.co/EuaqjlvjIc #webdev #js #reactjs #yeoman
687028163021541378,2016-01-12 21:47:33,"@Datapolitan Yes, they were! We especially liked your quote, ""If you stay in the brine for long enough, you'll get pickled."""
687027912386736129,2016-01-12 21:46:33,Thanks to @Datapolitan for swinging by for today's Lunch &amp; Learn. We love the work you're doing to bring government into the 21st century.
686956692622422016,2016-01-12 17:03:33,Images of the anthropocene today from @SciFleur https://t.co/bItm1ZEdzT https://t.co/Q46N21QI19
685580177888415745,2016-01-08 21:53:46,that time we got all the 1963 @FortuneMagazine for the office library -- apparently those telex machines are amazing https://t.co/njlofTDdAm
684463159596421120,2016-01-05 19:55:08,@patwater sometimes qualifiers fall away in 140 characters #trustindata
677521047621619712,2015-12-17 16:09:40,Where did New Yorkers come from? https://t.co/J17BKwmTJn
677229080337588224,2015-12-16 20:49:29,After #cop21 we decided to explore the data around nuclear power generation https://t.co/tXIA39yX4l https://t.co/kNmKwnk406
674695278755233792,2015-12-09 21:01:04,The oldest company in the California Corporate Registry? THE ALTOONA QUICKSILVER MINING COMPANY incorporated 1875 https://t.co/XxELVaIrN3
674330571498221571,2015-12-08 20:51:51,@manuelaristaran @pudo @merinids carpe datum :)
674329887298166784,2015-12-08 20:49:08,Amazing lunchtime talk at @enigma_io today by @gilgul about online conversation and @betawork's exciting new project https://t.co/D4Sq1SBZEj
674243640785547265,2015-12-08 15:06:25,RT @brnstz: One year at @enigma_io and they still won't tell me the today's rotor settings. SJKLUKKXCNUNDWDDNXNSALRKUUKDHVXNFJWTNWCZEPGDCQX…
674243548745699329,2015-12-08 15:06:03,RT @SunFoundation: Our Influence Explorer tool makes it easy to find stats + insights about the 2016 money race https://t.co/BsMhknpBPg htt…
673981433380249605,2015-12-07 21:44:30,HT to Australia:  Geocoded national address data to be made openly available https://t.co/yu8jo3wJdn
673980992017866753,2015-12-07 21:42:45,"This is the most important survey in America, but it keeps getting defunded #acs @uscensusbureau @voxdotcom https://t.co/vVpZp1rQDu"
672886201557385217,2015-12-04 21:12:26,"RT @waldojaquith: CA, FL, MA, PR, and VA: The only states in which documents are public domain by default. Get it together, U.S. https://t.…"
672870480802684929,2015-12-04 20:09:58,@MuckRock @MarshallProj @ShawnMusgrave might be of interest cc @MargotWilliams
672869854383366147,2015-12-04 20:07:29,"RT @MuckRock: ""If the government says no you can't have something, that in itself is a news story."" MuckRock talks to @muckrakery https://t…"
672831093574340609,2015-12-04 17:33:27,Are you in NYC? Should your apartment be rent stabilized? @Cezary &amp; @ProPublica are hunting for cheating land lords https://t.co/zhORo0xAeY
667437124216557573,2015-11-19 20:19:45,RT @digiphile: This map uses #opendata to estimate the risk of smoke alarms not being installed is highest: https://t.co/QMppUmQETX https:/…
661272681082392576,2015-11-02 20:04:27,The Enigma of Running a Bicoastal Series B Venture Round in @Forbes by @EdGrapeNutZimm https://t.co/xvQQcfKwsf
661237319282925568,2015-11-02 17:43:56,"Job seeking? Know someone great? We're hiring for a number of really interesting positions, pass the good word along https://t.co/6nVnQoSEhQ"
660129574055886848,2015-10-30 16:22:09,RT @internetrebecca: Nice to hear about the @enigma_io smoke alarm project from @marc_dacosta too! ICYMI #safetydata: https://t.co/DvJNu3RT…
659748971146051584,2015-10-29 15:09:46,"Our new product Company Signals launched earlier this week. It makes lending decisions smarter, faster, and cheaper. https://t.co/TF734zNDFF"
659075356570361857,2015-10-27 18:33:04,"RT @MPFlowersNYC: Using public data to unlock capital for small &amp; medium sized businesses, which make up 46% of USA’s GDP. @enigma_io https…"
659052892754726914,2015-10-27 17:03:48,"Bahn-mi meets business loans. Today at @money2020 we launch Company Signals, an API for small business intelligence https://t.co/1rMQMOABqr"
658756607480737792,2015-10-26 21:26:28,"Mic check! We're at @money2020 &amp; presenting tomorrow, 3:40P, 
Delfino 4001-4103, The Venetian Level 4. Drop on in! https://t.co/4QgwbHmkBz"
654733164623978496,2015-10-15 18:58:45,RT @NEAVC: #database passion from @Tamr_Inc @MongoDB @enigma_io leaders at #neasummit @NEAVC http://t.co/l3zm28tBRi
654703435732770816,2015-10-15 17:00:37,We'll be presenting at #money2020 and would love connect w/people there! Send us DM @NEAVC @ComcastVentures @CrosslinkCap @money2020
654295006107316224,2015-10-14 13:57:40,We're looking forward to demo-ing our #opendata project Smoke Signals with @NYUEntrepreneur  https://t.co/HAV14PlOmv
653611671722827777,2015-10-12 16:42:20,"There's no better way to start off Monday than your CEO's face, on toast - thanks @money2020 for the  awesome gift! http://t.co/mckTb7fbhX"
652495142834819072,2015-10-09 14:45:39,"RT @MargotWilliams: @enigma_io ""This is magic! ... The best thing that has happened to journalism in years"" --@gianninasegnini #gijc15"
651793166375514112,2015-10-07 16:16:15,An amazing line up at this month’s #geonyc on Monday — from digitizing old maps to new ways to tell stories w them http://t.co/uCcJTYNUHQ
649233519844139008,2015-09-30 14:45:07,RT @flowingdata: Open data in use. Predicting areas in need of working fire alarms to prevent deaths http://t.co/wAwusiSo3g http://t.co/Ka7…
648920598135967744,2015-09-29 18:01:41,RT @fema: Another example of #opendata &amp; analytics http://t.co/mdQXVzsHF5 working towards reducing the risk of #homefires.
648542678225977344,2015-09-28 16:59:58,RT @NEAVC: The @Bloomberg #data for good exchange today features @enigma_io's @marc_dacosta presenting on #smokesignals http://t.co/RgAMcvO…
647599788742045696,2015-09-26 02:33:16,RT @codeforamerica: This Week in #CivicTech: @enigma_io uses open #data to predict buildings missing smoke alarms http://t.co/BPmRzm897h ht…
647416274419625985,2015-09-25 14:24:02,RT @motherboard: The smart map using open data to prevent fire tragedies: http://t.co/hjOmp2h1Av http://t.co/BXdTSc8fU3
647402978064891904,2015-09-25 13:31:12,We just released an app with the @datakind that is helping save people from dying in fires. #opendata  http://t.co/vS5TduJtPj
647151809358876672,2015-09-24 20:53:09,@vtcraghead you might say they're smokin' ;)
647145297127337985,2015-09-24 20:27:16,RT @andrewxhill: Smoke Signals is a really cool project http://t.co/7IEJpsr21c congrats @enigma_io! http://t.co/nWHEisEUW3
647116394539130880,2015-09-24 18:32:25,"@mheadd Also, make sure to read through our walkthrough of the modeling process: http://t.co/k08TWH04lj. The holy grail is inspection data."
647116059791753216,2015-09-24 18:31:06,"@mheadd since fires are relatively rare events, we would think that the more time the better."
647115825489551360,2015-09-24 18:30:10,"@mheadd Yes, ideally it should be for an entire city, since we'd need to know places there _aren't_ fires as well."
647104997621145600,2015-09-24 17:47:08,RT @gideonmann: Fantastic to see collaboration across industry @enigma_io and public sector @ojwise scale social good via openness. https:/…
647104951286657024,2015-09-24 17:46:57,RT @mheadd: Important work from @enigma_io - identifying neighborhoods at risk for lack of smoke detectors in homes. http://t.co/oCpzOkwuU8…
647081366685937665,2015-09-24 16:13:14,RT @drewconway: Fantastic work by my friends at @enigma_io: geo analysis of smoke risk from house fires based on open data http://t.co/dQse…
647076533102903296,2015-09-24 15:54:02,"We just released an app that predicts America's fire risk, block by block @redcross @datakind #NOLAlytics http://t.co/vS5TduJtPj"
642145682959171584,2015-09-11 01:20:35,"We open sourced a lightweight, portable, and robust Command-Line @pagerduty trigger utility https://t.co/mb42ATsqb6"
641954050955677696,2015-09-10 12:39:07,Congrats to our friends over at @cartoDB on their Series B fundraising!
636334360036274176,2015-08-26 00:28:28,.@BillionOyster is restoring the NYC Harbor to the vibrant ecosystem Henry Hudson described ~ 500 years ago. http://t.co/xnFR5RQCUu #dataio
636327301395935232,2015-08-26 00:00:25,".@jackiewtlu describes how the @nyctreescount leverages open source tools to generate #opendata and build community.

#dataio"
634418459951169536,2015-08-20 17:35:22,"Equal parts meditation on 'place' and  sig. OS release – ""Who's On First"" – a dataset of the world from @mapzen 

https://t.co/Ik1ap8taHF"
634097945869201408,2015-08-19 20:21:45,Thanks @Greenhouse for the afternoon snack from @SiftDessertBar! It said to wait 4 hours but we ate them immediately! http://t.co/ESfVG675sZ
632209191877353472,2015-08-14 15:16:31,"RT @mapzen: It’s our 2nd birthday! You don’t have to get us anything, really. Just sign up for an API key and make a map. https://t.co/XBvk…"
631138300082941953,2015-08-11 16:21:11,Did you know health inspection violations at restaurants can tell you about how well its workers are treated? http://t.co/XJlNh6CdZa
629290865685602304,2015-08-06 14:00:08,"In NYC on Aug 25? Come join us at ""A Million Trees, A Billion Oysters, Trillions of Germs: Enumerating Urban Nature"" http://t.co/YMKp4OTsVC"
628629132277096448,2015-08-04 18:10:39,"Proud to have played a part in #NOLAlytics enterprising work over the past year:

http://t.co/DhADAFF1NI"
628612384509267968,2015-08-04 17:04:06,#enigmaindex @ChesterCheetah @DeptofDefense http://t.co/oIkLSF32o3
627124082362880000,2015-07-31 14:30:07,"Messy data and even messier restaurants – we show how to surface poorly managed restaurants with public data: 
http://t.co/XJlNh6kCAA"
626812763080368128,2015-07-30 17:53:02,RT @IanJKalin: .@enigma_io cleansed @uscensusbureau data. Helping people better understand and use info. http://t.co/cYMiXqRuxv #CDACmtg
624375291343970304,2015-07-24 00:27:24,"RT @brianboyer: Civic data hackers!

@cacivicdata has a job for you.

http://t.co/9oDO1nfpPY

These folks are the best in the business. Wor…"
624322649347338241,2015-07-23 20:58:13,Our commitment to #opendata: Tools to build your own geocoder http://t.co/BmEKpZ3WxG &amp; a merge of 2 @census datasets http://t.co/QvdwJHpfPT
623958879987236868,2015-07-22 20:52:44,RT @AlPoirier1: Seeking solutions for a Safer City. Partnering &amp; Innovating with Enigma @MPFlowersNYC @abhinemani @jnvido #FireStatLA http:…
623899974825299968,2015-07-22 16:58:40,RT @JoeGermuska: W00t! Congrats to @palewire @aboutaaron @j_la28 and @cephillips for getting @knightfdn funding for @cacivicdata http://t.c…
623887469897981952,2015-07-22 16:08:58,"Ever wanted to run your own geocoder? We'll show you how to do it: 
http://t.co/BmEKpYMlG8"
619668232518152193,2015-07-11 00:43:14,@vnaylon In conjunction. We've built some bots that link the two. Look out for a blog post on this soon!
618453115260510208,2015-07-07 16:14:47,We just open-sourced our mapping of two @census datasets that help drive #CivicTech. Read more on our blog: http://t.co/pMXmUyjPUy
608277954502791168,2015-06-09 14:22:20,"City Analytics? ""Do what you can, With what you have, Where you are.” @MPFlowersNYC on NY’s data driven approach http://t.co/TvT5x17WEK"
608025963889229824,2015-06-08 21:41:01,@marihuertas @hyper_linda We're always looking for people passionate about #CivicTech !
607967291502821376,2015-06-08 17:47:52,.@discourse is an amazing product. We’ve been using it here at Enigma for the last month and its fundamentally changed our internal comms.
606943122006736897,2015-06-05 21:58:11,RT @bradleyhope: See the network of the hundreds of alleged connections in the Libor scandal. http://t.co/hlZxdRrwQn via @WSJGraphics
606943108597555200,2015-06-05 21:58:08,"@bradleyhope @WSJGraphics amazing use of graph visualizations, really brings the intrigues of the story to life"
606926293658161152,2015-06-05 20:51:19,@DickTim See our post: http://t.co/eS2usRXMoL
606175620696010752,2015-06-03 19:08:24,@ScottMcGrew Sounds great! Is there an email address we can contact you at?
606169527110537217,2015-06-03 18:44:12,"@ScottMcGrew Looks like it was “N168DK”, but the flight history is no longer accessible on Flight Radar: http://t.co/QET9v2dHEo"
606156800723984385,2015-06-03 17:53:37,"Most of the planes appear to have been registered between 2010-2011:
http://t.co/eS2usRXMoL http://t.co/MGOsAiXGhb"
606156571731718144,2015-06-03 17:52:43,"We updated our list of suspected FBI Planes to 115: 
http://t.co/eS2usRXMoL
You can also download the code / data: 
https://t.co/Vf2ZzlsGAI"
606118805618741248,2015-06-03 15:22:39,"@ScottMcGrew @enigma_io Not sure, we’ll check!"
605870255861211138,2015-06-02 22:55:00,"Great work!  Seems like ""AIRCRAFT ASSOCIATES INC” is associated with the same address as “AEROGRAPHICS INC” in VA:
https://t.co/fJ6dLKH3qb"
605868695626186753,2015-06-02 22:48:48,@lemonodor @enigma_io Amazing! Are you working off of FAA data as well?
605848836179820544,2015-06-02 21:29:53,"RT @brianabelson: Children’s drawings or FBI Surveillance?

http://t.co/curCMjA5uY http://t.co/tdFeDpuRNj"
605847141018238977,2015-06-02 21:23:09,"We updated our blog post with more images of @FBI flight paths. 
http://t.co/eS2usSfngj
Did you find an interesting one? Send it to us!"
605836348675604480,2015-06-02 20:40:16,"Here’s the flight path of an FBI surveillance aircraft over Palo Alto, CA http://t.co/PatrVo5iBk"
605832821798633472,2015-06-02 20:26:15,"Following the @AP’s investigation, we dug through FAA data to find 84 Planes the FBI uses for surveillance:

http://t.co/eS2usSfngj"
605020678660739072,2015-05-31 14:39:05,RT @IDEASCITY: Researchers: Airbnb has one of the largest existing archives of photographs of interiors. @AIRBNBPavilion @rhizome @newmuseu…
604652434074574848,2015-05-30 14:15:48,RT @tegabrain: strangely obsessed with these new trig demos I’m making at #p5jscon w/ help from @luisa_ph http://t.co/sYYDlFrBic
601150916562157568,2015-05-20 22:22:02,Really fascinating conversation around #PoliceData. Thanks @DJ44 for your thoughtful responses!
601115929766928385,2015-05-20 20:03:00,"How will #PoliceData help drive community engagement, and not just public safety?"
585514222429298688,2015-04-07 18:47:23,Saving lives with public data: read about our work with #NOLAlytics to help New Orleans prevent fire deaths http://t.co/TEy7iwBmbl
581909253276962816,2015-03-28 20:02:31,big thanks to @ColumbiaCCE for putting on a great event yesterday at #CCEStartup! really impressed by the caliber of the students
569924379162882048,2015-02-23 18:18:55,"Shipments from China fall off significantly following their New Year!
http://t.co/pTCzOh4DEx
by @RalucaDragusanu http://t.co/GRsC41nBNB"
564920438435119104,2015-02-09 22:55:02,RT @merinids: Looking forward to @enigma_io hosting the @WomenWhoCodeNYC Hack Night tomorrow night. Come hang out and hack. http://t.co/vjt…
564867048745209858,2015-02-09 19:22:53,RT @SunFoundation: A huge win for #opengov! The U.S. is releasing indexes that detail exactly what data sets each federal agency holds: htt…
563098629146427393,2015-02-04 22:15:49,RT @pdewost: @enigma_io 's Michael Flowers telling his amazing story at @randhindi 's #datadinner http://t.co/Nwyr7KoPuU
560443861991182337,2015-01-28 14:26:43,RT @mikeolson: Data storage and visualization over 7.5 millennia. http://t.co/D4HJvEhrPW h/t @datakind
555201934114951168,2015-01-14 03:17:10,@shootbydaylight @Baron_von_Brunk our roof is available for any Lego (and Astronaut) based photo shoots.
553207275838398464,2015-01-08 15:11:07,"RT @brianabelson: Hi internets, I am looking for a talented front end dev for my team @enigma_io. Would prefer full-time but will consider …"
548712197816602624,2014-12-27 05:29:17,RT @chris_whong: .@capntransit @TransportNation @NYURudin @RegionalPlan NYC Boro Taxi Data is here for Download:http://t.co/TMDcQJxxU4 http…
547063458924331009,2014-12-22 16:17:47,"Honored to have been included on @flowingdata’s list of 2014’s best visualizations alongside @mbostock @upshotnyt 

http://t.co/ooCANCnHhf"
545638366386331648,2014-12-18 17:54:58,"pleased to have our work on http://t.co/ImoB86J2uB included on this list of the year’s 15 best infographics
https://t.co/Z8trNvxl6g"
545636398989328386,2014-12-18 17:47:09,"RT @brianabelson: The @enigma_io team open sourced `s3plz` today –  a friendly python module for sending data to/from Amazon S3.

https://t…"
537280201160654849,2014-11-25 16:22:36,Congress: don't ban @SEC_News from collecting #opendata from most companies! @DataCoalition in @TheHill: http://t.co/VDZICuVFko #datanotdocs
532587464779890688,2014-11-12 17:35:21,Nervously awaiting results for this year’s #IIBAwards.  Such an honor to be included on this year’s shortlist for http://t.co/sd3I7YD9fZ !
526061262002995200,2014-10-25 17:22:33,RT @infobeautyaward: We know average temperatures are rising: but are extremes &amp; anomalies on the up as well? Great work from @enigma_io ht…
516903459145388032,2014-09-30 10:52:42,RT @golangprojects: #Hiring in #NYC: Senior Software Engineer at Enigma [@enigma_io] http://t.co/ygXYnmMBxf #python #ruby #golang #docker #…
514541284036714496,2014-09-23 22:26:16,"RT @digiphile: At #CFASummit, Mike Flowers is talking about his work on urban analytics at @NYCGov: http://t.co/BBltuWzdIh Read: http://t.c…"
512918556410146816,2014-09-19 10:58:08,Excellent! France names @HenriVerdier as Chief Data Officer - http://t.co/mBMZ779Ln0
512569694935851008,2014-09-18 11:51:53,@alafritz thanks!
512219969359450112,2014-09-17 12:42:11,"RT @mikeolson: Hey, Mike Flowers has landed. http://t.co/dOzg5ue18z"
510490555537973248,2014-09-12 18:10:07,RT @drewconway: Congrats to Mike Flowers and @enigma_io http://t.co/i1WtkE8l8m
510439988497244160,2014-09-12 14:49:11,RT @timoreilly: A lucky startup! enigma.io nabs Mike Flowers as Chief Analytics Officer http://t.co/bxK71Ejqvm
510422483837915138,2014-09-12 13:39:38,"Delighted to announce that Mike Flowers, former NYC Chief Analytics Officer, will be joining the Enigma team! http://t.co/SybMhH8OnK"
509013244330377216,2014-09-08 16:19:49,RT @Visually: Creating An #Infographic From Start To Finish http://t.co/fvXQm1Zcro via @enigma_io @Blockspring http://t.co/Pv3PkLWiV0
505808679657275392,2014-08-30 20:06:01,RT @pickover: Magnificent cross-section of an undersea cable. $400/foot. (photo: Ann Lingard) http://t.co/QYgfekuTCp
504746626238656512,2014-08-27 21:45:48,"RT @sahuguet: Go Enigma.
Go as in the language.
http://t.co/4bNfeie2vV
@enigma_io"
504273586148741120,2014-08-26 14:26:06,RT @DataKind: Hey #KDD2014!  Check out the talk going on in 10 min in NY Ballroom on our volunteers' work with @Give_Directly! http://t.co/…
504267365245526017,2014-08-26 14:01:23,"Proud that Enigma's @brianabelson is presenting ""Best Social Good Paper"" @kdd_news today - @DataKind @Give_Directly  http://t.co/JUmXU2IbH7"
500006066634371072,2014-08-14 19:48:30,Love open data &amp; transparency? Vote for our panel on open data at this year's #sxsw2015 http://t.co/LwelWIS5km
494886168425943041,2014-07-31 16:43:51,Come to @GA assembly today to hear us talk data science with the community. Excellent lineup of folks from @google @DnBUS and @KaplanNews
494236161209274369,2014-07-29 21:40:57,"we open-sourced a tool for creating browserify projects by running `yo make-it-happen` – not affiliated w/ @JustYoApp
http://t.co/TK6rMTBNp5"
493870676647096320,2014-07-28 21:28:39,"RT @brianabelson: humbled that my work w/ @krvarshney @DataKind &amp; @give_directly was  selected as “Best Social Good Paper” for #kdd2014
htt…"
489246732845588480,2014-07-16 03:14:45,@_jden @hugovom we're in Berlin now as well at @OKFN festival so you are both right ;)
481922458996703232,2014-06-25 22:10:42,Looking forward to talking at @GA assembly tonight! Drop in for some serious data discussions as per usual. https://t.co/zbav05VaQE
474672253435924481,2014-06-05 22:00:58,RT @JessGHarris: Marc DaCosta co-founded @enigma_io to map the universe of public data so you can get more insight from more sources. http:…
472372700909146112,2014-05-30 13:43:22,SEC shouldn’t exempt 60% of public companies from filing reports in #opendata formats http://t.co/3cxXB4cwPf @FinancialCmte @DataCoalition
472371860760702977,2014-05-30 13:40:02,"RT @DataCoalition: If @FinancialCmte exempts 60% of market from #XBRL reporting, @SEC_News might never deliver #opendata to investors. http…"
464797925806469120,2014-05-09 16:03:55,RT @UN_ClimateTalks: Watch 50 years of temperature rise in the U.S. - @NOAA data visualized by @enigma_io http://t.co/YvxkkO6jan #capacityb…
464145418361008128,2014-05-07 20:51:05,Thrilled to be a Data Patner with @NYCBigApps! Come checkout our booth at the #BigApps Launch party tonight at 6:00 @AppNexus
464122569205886977,2014-05-07 19:20:18,"Starting today you can sign up for a free account at http://t.co/OQNINPAAAf and get 10,000 API calls per month! #TechCrunchDisrupt"
463704598235348992,2014-05-06 15:39:26,Excited to be partnering with the Hacking Journalism hackathon June 7-8 in Cambridge. Join us! http://t.co/h2RnlI7zfE @whichlight @MuckRock
463316890837086208,2014-05-05 13:58:49,RT @jashkenas: Your Monday morning universe-of-public-data Backbone.js example app — Enigma.io: http://t.co/W4yAif36eV
459814152203423746,2014-04-25 22:00:11,RT @BillGates: Watch this map chart 50 years of temperature extremes across the U.S.: http://t.co/1ikm0Meytq http://t.co/JzONuNb80S
459792105268072449,2014-04-25 20:32:35,RT @JoelGurin: #OpenData companies: @myAidin @OnDeckCapital @enigma_io present at @TheGovLab. Videos: http://t.co/sCzA1ITQ6n
459779353900220416,2014-04-25 19:41:54,RT @marc_dacosta: Exciting move from @Esri that has the potential to unlock an immense amount of #publicdata https://t.co/tqpWShVbIy
459707963251634176,2014-04-25 14:58:14,"Over the past 3 days, the Social Computing Group @medialab made 3  maps of permanent visa applicants using our data:
http://t.co/EwPIoCB2yW"
458648630023696384,2014-04-22 16:48:49,"Check out our post on @source about how me made our climate change map:

http://t.co/xHo21Uveav"
458636939973775360,2014-04-22 16:02:22,"The great people at @rOpenGov put together an #rstats client for our API:

http://t.co/ubroRYBPqw"
457204942911328256,2014-04-18 17:12:07,"Our friends at @cartodb remade our temperature anomaly map in #torque:  http://t.co/eX6Qh2wg9K
amazing work, @andrewxhill !"
456476786654998528,2014-04-16 16:58:41,NYC hackers:  Join us at our offices tonight for the first meeting of the  NYC Shell User Group with @thomaslevine: http://t.co/5SL1NLcdw6
456436241391968256,2014-04-16 14:17:34,.@Cezary @TreasuryIO Such an amazing dataset: https://t.co/t6NulrWblR
455716099061866497,2014-04-14 14:35:59,RT @blprnt: This map of temperature anomalies in the US over the list 50 years is perhaps the best climate data viz I've seen: http://t.co/…
455684498488057856,2014-04-14 12:30:25,@visualisingdata thanks!
454702496561500161,2014-04-11 19:28:17,"RT @enigmaindex: Since 2012, @Subway restaurants have failed health inspections 76 times in Chicago, IL.  https://t.co/c8nN5E5is4"
454361876659720192,2014-04-10 20:54:47,The Data Act passes the Senate - and we're on our way to more transparency in Federal Spending. http://t.co/KBukXq6lcP
454331705902784513,2014-04-10 18:54:54,"Using data to strengthen arguments for climate change: 
http://t.co/xi8e6M47oB
cc @algore"
454302654705840128,2014-04-10 16:59:28,"RT @NiemanLab: Enigma used data from 90,000 weather stations around the world to map 50 years of weather anomalies in the US http://t.co/Qi…"
454282306039980032,2014-04-10 15:38:36,"Answering the @WhiteHouse’s call to action on climate data:  50 years of temperature anomalies analyzed and mapped: 
http://t.co/MhV9KjufmU"
453982092758908928,2014-04-09 19:45:40,"@technickle Hey Andrew, we are! Would love to chat more, can you drop me an email? marc at enigma.io"
453915535294881793,2014-04-09 15:21:11,"RT @kenkeiter: We're hiring engineers! @enigma_io is an awesome place to work, and we're building something meaningful -- not another {this…"
451779911284703232,2014-04-03 17:54:59,RT @enigmaindex: .@Georgetown received over 300K in grants in 2013 to research drinkable yogurt as a probiotics delivery system. https://t.…
450738070661640193,2014-03-31 20:55:05,RT @NECEC: Join @genability @EnerNOC @enigma_io @WegoWise @masscec and others at @cleanwebbos and drive the #cleanweb sector http://t.co/Lx…
448182224664682496,2014-03-24 19:39:03,RT @enigmaindex: Only 23 shipments of @McDonalds chicken nuggets came into the US last year. #farmtotable https://t.co/Yv28Z3QxmB
446701435217256448,2014-03-20 17:34:56,RT @enigmaindex: There are at least 395 US banks located inside @Walmart stores. Most are branches of Woodforest National Bank. https://t.c…
446324557704855552,2014-03-19 16:37:21,Excited that @usdatagov is empowering #opendata companies and civic hackers to build tools for #ClimateChange http://t.co/tMCxfeYS82
446025439979380737,2014-03-18 20:48:46,"RT @enigmaindex: 503 historians are employed by the @DeptofDefense and cumulatively earn ~ $44M per year:
http://t.co/LzWyE3vGro"
445982827088478208,2014-03-18 17:59:26,"Massachusetts hopes to build a more sustainable transportation system by releasing #opendata to civic hackers: 
http://t.co/FD3XhF6qpz"
445964433198948352,2014-03-18 16:46:21,"RT @enigmaindex: In 2000, the Greek anarchist group, ""Erotic Anti-authority Cells"" firebombed @Pfizer's #Viagra lab in Greece. https://t.co…"
445710579173715970,2014-03-17 23:57:37,Great work by @DataMadeCo on http://t.co/HOLRj5g6tO … such an important problem to address in the process of making #opendata useful.
445632850331963392,2014-03-17 18:48:45,@thejunglejane @enigmaindex The whole team pitches in! Feel free to suggest some of your own and we’ll retweet them from @enigmaindex.
445621973398589440,2014-03-17 18:05:32,RT @enigmaindex: The #1 piece of cargo imported into the U.S. in 2013: empty containers (over 275k of them) https://t.co/d18XBEjMrk
445620952333029377,2014-03-17 18:01:28,"We just launched @enigmaindex – A feed of intriguing, scandalous, or otherwise novel data points found in @enigma_io."
445364668404879360,2014-03-17 01:03:06,RT @Chris_Said: Public data is no longer siloed: http://t.co/XONJ5L3MLO has it all in one place.
445308677307002881,2014-03-16 21:20:36,@carlmalamud Someone's got to do it ;) Thanks for attention Carl. We are huge fans of your work.
445168513121263617,2014-03-16 12:03:39,"RT @nytimes: Technophoria: A Harvest of Company Details, All in One Basket http://t.co/geMcNVaWlL"
444894640819666944,2014-03-15 17:55:22,"RT @nytimesbusiness: Technophoria: A Harvest of Company Details, All in One Basket http://t.co/T4paO8hOmz"
444122286774566912,2014-03-13 14:46:19,RT @DataCoalition: Will @RepAnnWagner @RepTomCotton @RepGarrett &amp; @RepPittenger vote to close the books on SEC #opendata today? http://t.co…
441676379688828929,2014-03-06 20:47:09,"RT @chartio: Thanks @enigma_io for the data set on mixed bev sales tax receipts to analyze the effects of sxsw on austin bar tabs, http://t…"
438007210828767232,2014-02-24 17:47:11,RT @OpenData500: Today is the day! #OpenDataNow @ NYC with speakers @bethnoveck @JoelGurin @enigma_io @OnDeckCapital @myAidin @dsearls http…
435866777470251008,2014-02-18 20:01:52,We just open-sourced @ansible playbooks for installing @gitlabhq 6.5 on Ubuntu with PostgreSQL and Nginx - https://t.co/HhoNQepijF
434042754151088128,2014-02-13 19:13:51,RT @strataconf: Congrats again to #Strataconf Startup Showcase winners http://t.co/RBBe5treCD @DataHero @enigma_io @DominoDataLab &amp; @Predic…
433740996090675200,2014-02-12 23:14:46,congrats to @etalab on the launch of France's new open data portal http://t.co/JSgYg5XL0l!!  http://t.co/IIjj9YuaUl
433649391207849984,2014-02-12 17:10:46,@samarthbhaskar Data is quite sacred to us ;)
433411013497458689,2014-02-12 01:23:32,Post #strataconf drinks? There are 334 Active Liquor Licenses in Santa Clara https://t.co/pjM0VmM8Ts
433299943067897857,2014-02-11 18:02:11,"Did you know the DOD spent $56,000 at the Hyatt Regency in Santa Clara in 2013?#strataconf https://t.co/09OFCNL3aD"
433059773869604864,2014-02-11 02:07:50,Hey @BigDataBorat are you at Strata?
430473586705330176,2014-02-03 22:51:15,We just open sourced https://t.co/JG1AMv7LA1. Enjoy.
429298803897024512,2014-01-31 17:03:05,RT @strataconf: Congrats to #Strataconf Startup Showcase Finalists http://t.co/Tdk4a3dXci @PredictiveSc @enigma_io @SpaceCurve They'll be p…
428985175834247169,2014-01-30 20:16:50,RT @mgboydcom: #Opendata platform @enigma_io secures $4.5M funding round: http://t.co/UY1GA9VN67 via @programmableweb
428967289317498880,2014-01-30 19:05:46,RT @chartio: Congrats to our friends over at @enigma_io on their recent funding announcement. http://t.co/tAUN3vJCe0
428957832034009088,2014-01-30 18:28:11,RT @VentureBeat: Enigma reels in $4.5M to collect and organize loads of the world's public data http://t.co/KjnGoY7QLq by @jordannovet
428954436543594496,2014-01-30 18:14:41,RT @CrosslinkCap: Congratulations to @enigma.io on securing $4.5 million in a Series A round! Excited to be a part of it! http://t.co/iSdJI…
428954413885956096,2014-01-30 18:14:36,"RT @WamdaFR: La startup Enigma lève 4,5M $ et rend les marocains fiers http://t.co/HcNy6eeKI3"
428953670219075584,2014-01-30 18:11:39,RT @awcleland: Really looking forward to digging in with the Enigma team.  Going to be an exciting year! http://t.co/61Ufz7J3j1 @enigma_io …
428952302586572801,2014-01-30 18:06:13,RT @PaulMiller: Congratulations to the team at @enigma_io on their funding round - http://t.co/U87pPEYy4H
428921209267707905,2014-01-30 16:02:39,RT @drewconway: @brianabelson @enigma_io congrats!
428914125247225856,2014-01-30 15:34:30,Just raised $4.5M from @ComcastVentures @americanexpress @nytimes @crosslink to build the infrastructure for public data - were so excited!!
424266823740059648,2014-01-17 19:47:47,"RT @chartio: We worked with @enigma_io to visualize data on toy safety.  Check it out here, http://t.co/ckQY5LwnLP"
421661213420843008,2014-01-10 15:14:02,Excited to be part of the next generation of open data with @usdatagov http://t.co/QZLlHS33yb
421415846255153152,2014-01-09 22:59:01,From faith to evidence: the open data economy  / @Forbes thanks for the mention http://t.co/y5odZ4nlqE
418745250958835712,2014-01-02 14:07:02,"RT @JoelGurin: .@programmableweb highlights .@enigma_io @captricity .@ArchimedesModel .@Civinomics .@FactSet from #OD500, #opendata. http:/…"
413356426430808064,2013-12-18 17:13:46,RT @manuelaristaran: Best UI of 2013: @enigma_io
412721093657767936,2013-12-16 23:09:11,"RT @patrickstankard: If you have an @enigma_io API key, check out the new ""stats"" endpoint: https://t.co/uPaWNRc6SS"
401142628030611457,2013-11-15 00:20:30,"RT @brianabelson: An image is worth a thousand words, so I made four plots and wrote four thousand words...
http://t.co/clCSPqyP42"
398123066213269504,2013-11-06 16:21:50,"RT @lifewinning: I just called enigma.io the Hadron Collider of data, is that a good thing"
395269082481569792,2013-10-29 19:21:07,Civil Aviation Incidents Density Map http://t.co/CoqqANAhSx
391339776668098560,2013-10-18 23:07:28,@udit cool ! Sign up here fore more data : http://t.co/939oFuWcCi
391331141518884865,2013-10-18 22:33:09,@udit would love to see it ! is it down now?
391206260970102784,2013-10-18 14:16:55,We're really excited to be kicking things off this morning with the #bostondatameet! @BostonGlobe
390931031597264896,2013-10-17 20:03:15,The whole team is so excited to announce that we are finalists for @takethehelmnyc !! Lower Manhattan here we come! http://t.co/y5zNz9eG1z
389869238871392256,2013-10-14 21:44:04,@thecristen either way is fine! We're excited to see what you come up with!
388790773237702656,2013-10-11 22:18:38,.@digiphile thanks for sharing Alex
388653891300388864,2013-10-11 13:14:43,@flowingdata thanks nathan!
388653766230433792,2013-10-11 13:14:13,RT @blackrock: The #govtshutdown 2013 in real time [interactive] http://t.co/RCH3RDpSCj | @enigma_io
388379705574838273,2013-10-10 19:05:12,.@SenJackReed Thank you for sharing Senator.
387998243634032640,2013-10-09 17:49:24,RT @brianabelson: .@enigma_io!!!! RT @BarackObama: Watch the #TeaPartyShutdown in real time and see how it's harming our economy: http://t.…
387996783869059072,2013-10-09 17:43:36,.@BarackObama Thank you Mr. President! Enigma.io @ your service
387996525105659904,2013-10-09 17:42:34,RT @BarackObama: Watch the #TeaPartyShutdown in real time and see how it's harming our economy: http://t.co/v0o9on9N6g
387718521947697152,2013-10-08 23:17:53,RT @bkeegan: Cool data viz of services affected by shutdown. And features a @Data_Swap data guardian! http://t.co/kAb6EhRQYS
387623338014945280,2013-10-08 16:59:40,"RT @bi_politics: The Whole Government Shutdown In One Simple, Beautiful Chart http://t.co/a9Rk81GNHp"
387391923809304578,2013-10-08 01:40:06,@kennelliott @dandelany sources and legend up.
387345181709570049,2013-10-07 22:34:22,RT @sisiwei: Very effective visualization of the government shutdown: http://t.co/ao5rGDgo1N h/t @A_L
387330605945327616,2013-10-07 21:36:27,@kennelliott we did from various datasets gathered from contingency plans and OPM data we have on enigma.io
387329023707471874,2013-10-07 21:30:10,@kennelliott different reasons for why employees are not being furloughed - pushing an additional legend in a bit.
387284610746286081,2013-10-07 18:33:41,Visualizing the Federal Shutdown: http://t.co/t3TukzizdN
385166410063691776,2013-10-01 22:16:42,More than $100B of salaries at risk #governmentshutdown - Check out latest Federal Employee Salaries data from OPM https://t.co/MUblpcU2Qb
385158274959835137,2013-10-01 21:44:23,ATTN CIVIC HACKERS AND JOURNALISTS #govshutdown causing HUGE interruptions in data access. enigma has your back: contact shutdown@enigma.io
385099033628667904,2013-10-01 17:48:59,RT @bigmlcom: Using our text analytics with @enigma_io data to predict H1B worker wages: http://t.co/55a5KyrsfB  #textanalytics #opendata
383988725648474112,2013-09-28 16:17:01,"RT @aelfie: @enigma_io 's office pet “@TheAtlantic: Meet Data F.E.R.R.E.T.T., the greatest GIF ever made by the U.S. government http://t.co…"
383672169940934656,2013-09-27 19:19:08,@cecileboucheron sorry about that cecile. We'll fix that!
383605801040224256,2013-09-27 14:55:24,RT @mgboydcom: The #opendata future - better to target developers than end consumers? http://t.co/za4tX6pZCY cc @ericg @Enigma_io @OKCon @e…
382971757629816833,2013-09-25 20:55:56,#fbi maintains short list of frequent #foia-ers https://t.co/ebpHDVxxNR way to go @johnjcook @HerschaftAP
382907622099533824,2013-09-25 16:41:05,RT @WhartonIGEL: MT @drexsa: quite literally in awe of @merinids aggregating and analyzing big publicly available data... enigma.io Let's U…
382610404801003520,2013-09-24 21:00:03,@thecristen checkout http://t.co/939oFuWcCi for an opportunity to get API access for civic and public good projects
382196830156492800,2013-09-23 17:36:39,RT @gsiemens: just got access to http://t.co/km8BJ9O8NR potential value of single-point access to public data is huge. @enigma_io
382161661072646144,2013-09-23 15:16:54,So excited to be participating in the @globelab data swap! In Boston? Love data? Apply to join us!! http://t.co/6qz5xT0Pfv
381117855095201792,2013-09-20 18:09:12,@cfarivar nice piece on iphone5s biometrics http://t.co/zgrIAe1mbb @omdavileo found something similar on #enigmaio http://t.co/B4XGUa8U8D
381104630702153728,2013-09-20 17:16:39,Just received our #pizzavestment from @dominos! Thanks guys! Better watch out @papajohns @pizzahut #poweredbypizza http://t.co/j7ZTz9XFJ0
380825916215001088,2013-09-19 22:49:08,@skram did you sign up for a trial? are you a civic hacker with a good idea? check out http://t.co/HpIU1WqjTG
380739496989294592,2013-09-19 17:05:44,@omdavileo @Ihnatko @Cezary have you seen this?
380739330009882624,2013-09-19 17:05:04,"RT @omdavileo: searched ""apple biometrics"" in @enigma_io and found this - Is it news? http://t.co/MxcAEsuARe @Ihnatko"
379971244864454657,2013-09-17 14:12:58,"We are featured in a great piece about ""Data as the New Currency"" by @Deloitte http://t.co/C8NZrI2sbb"
379745584438972416,2013-09-16 23:16:17,Cool!  Enigma's very own @rguilleminot featured on the @sketchapp website for Bootstrap UI Toolkit http://t.co/DvOeNDmLLA
378569474351185920,2013-09-13 17:22:50,All Enigma services are back up and running after Amazon networking outages this morning - only affected us east coast region 1
378569210516881409,2013-09-13 17:21:47,@heitor_lessa Thanks Heitor - we're back up!
378532163571814401,2013-09-13 14:54:35,Just confirmed an AWS outage is effecting networking and web servers on the Amazon Cloud http://t.co/KjaJ2BJqzH
378529215483633665,2013-09-13 14:42:52,We are experiencing issues with Amazon Web Services outages currently (and noticing several others in region East 1 with these problems)
377945651579203585,2013-09-12 00:03:59,RT @marc_dacosta: curious to see sequestration show up in an orphan text file for the Agricultural Statistics Milk Production Surveys http:…
377928670360662016,2013-09-11 22:56:31,http://t.co/u5tbPQEx0c watch our own @merinids live at #tcdisrupt passing the cup!
377920279659679745,2013-09-11 22:23:10,"RT @EyeBodega: Zuckerberg on now at TechCrunch Disrupt. Then our vid “Passing the Disrupt Cup w/ Enigma” premieres.
http://t.co/FYgT3QhPfz …"
377919790834532352,2013-09-11 22:21:14,RT @brianabelson: .@Merinids of @engima_io is about to be on live at #tcdisrupt! check it out here: http://t.co/J6Lsp6bICM
377584344295952384,2013-09-11 00:08:17,RT @GeekdomSF: great conversation w/ @Scobleizer  &amp; @merinids of enigma.io a #tcdisrupt winner talking government data http://t.co/uXEZAEoy…
377568577936556033,2013-09-10 23:05:38,"check out #sarah, a one stop shop for filing #foia requests about yourself by our very own @merinids http://t.co/Thm6tg7qQj"
377492755586379776,2013-09-10 18:04:21,Checkout this amazing dashboard @chartio made with our 2012 #H1B visa data https://t.co/ZPpxMkmZq8 @OKFN @usdatagov @USDOL #opendata2013
377492169608552449,2013-09-10 18:02:01,The Data behind H1B Visas @chartio #immigration http://t.co/bNbkDBshMX
377486976716247040,2013-09-10 17:41:23,"@jdavidsonlawyer Truthfully John, but improving the quality of data transparency and reducing ambiguity in data can be!"
377419105936375808,2013-09-10 13:11:41,"""Replace layers of lawyers with lines of code"" @hudsonhollister speaking at #opendata2013"
377389663201558528,2013-09-10 11:14:41,We're excited to be presenting at the first #opendata2013 conference in DC today - such an amazing line up of public sector folks!
372692566224822273,2013-08-28 12:10:06,RT @DataCoalition: http://t.co/yxgln5Jh9Q will spotlight startups creating businesses from gov #opendata: @Calcbench! @enigma_io! @exversio…
348459612372078592,2013-06-22 15:17:00,"RT @Cezary: Lot of good investigative db suggestions at #IRE13, here is one I didn't hear mentioned that is one of my favorites: http://t.c…"
335465101450698753,2013-05-17 18:41:27,"@CaseyAsh2 awesome implementation, thanks for sharing! Always impressive what @ideo and @SunFoundation come up with!"
331480562105716736,2013-05-06 18:48:19,RT @mattturck: 6 Experts on Speeding Up Data http://t.co/7X01QiMUK9 via @techcrunch
329995704296677377,2013-05-02 16:28:01,RT @PaulMiller: And The Winner Of TechCrunch Disrupt NY 2013 Is... Enigma! http://t.co/19ayXBkA7c via @techcrunch &lt;- congrats to @enigma…
329742882523193344,2013-05-01 23:43:24,RT @TechCrunchTV: .@Enigma_io takes home the Disrupt Cup at #TCDisrupt NY 2013! - http://t.co/5FSqD7YeRP
329650512452538369,2013-05-01 17:36:21,"Enigma brings the deep, dark world of public data to light : http://t.co/wN8j6IYNW4 via @VentureBeat  
(Thanks for the love @bekahgrant !)"
329579876296302592,2013-05-01 12:55:40,"RT @TheNextWeb: Enigma makes it easy for anyone to search, discover and analyze public data from over 100,000 sources http://t.co/w3kIn8b9p…"
329385621162430466,2013-05-01 00:03:46,@digiphile Just resent it from personal account. Let me know if that comes through. Thanks!
329383500476211200,2013-04-30 23:55:20,"@digiphile Hey Alex, we just resent it. Can you check your spam filters?"
329327606262534146,2013-04-30 20:13:14,"@digiphile Hey Alex, just emailed you. Thanks for reaching out!"
329313327123677184,2013-04-30 19:16:30,@viafoura Thank you!
329313236841279489,2013-04-30 19:16:08,@IAmMrSid :)
329313157971574784,2013-04-30 19:15:49,@molly_lewis Thank you so much!
329313101168115712,2013-04-30 19:15:36,RT @myqroft: I could lose myself for DAYS just browsing the data sets @enigma_io provides. This is serious transparency for public knowledg…
329313071904468992,2013-04-30 19:15:29,@burtherman We def. agree it be great for journalists! Thank you for the support!
329312890643415040,2013-04-30 19:14:46,RT @sagewohns: enigma.io is killing it onstage at #tcdisrupt amazing platform!
329312682660462596,2013-04-30 19:13:56,@mikerowan Thank you!!
329312598099128320,2013-04-30 19:13:36,@poplifegirl Would love to talk to you about it. Can you DM us your email and we can talk further? Thanks!
329312374630797312,2013-04-30 19:12:43,"Enigma Makes Unearthing And Sifting Through Public Data A Breeze -
http://t.co/Evd9YGf02W  by @chrisvelazco"
329312016344961024,2013-04-30 19:11:17,@christinewhuang ditto! thank you =)
329311831724277760,2013-04-30 19:10:33,RT @poplifegirl: BEST thing I've seen at @Techcrunch #Disrupt ---&gt;&gt; enigma.io -- an infrastructure to discover #opendata cc: @digiphi…
329311789407944705,2013-04-30 19:10:23,@poplifegirl @TechCrunch @digiphile Thank you Heather!
329311605353488384,2013-04-30 19:09:39,Watch us present on #tcdisrupt stage : http://t.co/XX0X89PAE9
329311207733469184,2013-04-30 19:08:04,RT @Besvinick: Turned on #tcdisrupt just in time to see @enigma_io's pitch - big fan of what these guys are doing. Interested to see the ju…
329294447621840896,2013-04-30 18:01:28,"RT @rguilleminot: Backstage with @merinids, @marc_dacosta and @jebron at techcrunch disrupt! About to present @enigma_io to the world! http…"
328887895534473216,2013-04-29 15:05:59,RT @patrickstankard: Catch @enigma_io launch at #TCDISRUPT's Startup Battlefield tomorrow around 2pm - we're a finalist!!
317617000090333184,2013-03-29 12:39:28,alternative cartographies: regional boundaries in the US re-imagined on the basis of paper money circulation http://t.co/cScmMHOWf9
317035288935415809,2013-03-27 22:07:57,"in the fog of the media cycle, the trends can disappear; visualizing US drone strikes in pakistan http://t.co/alXfyA3g78"
315121333455433729,2013-03-22 15:22:35,RT @mitgc_cm: #DataIO: @ThomasLevine representing US public finances w #R &amp; #bigdata. #ADSCon #BRITEConf #OMNYC13 https://t.co/3OseV ...
315120711058456576,2013-03-22 15:20:06,"Thanks so much to everyone who came out to make #dataio such a success last  night! @chartio @brianabelson, @claudia_perlich, @thomaslevine"
314800121642643456,2013-03-21 18:06:12,"RT @chartio: Excited for the data io meetup and the data science panel featuring,  @brianabelson, @claudia_perlich, @thomaslevine, http: ..."
312576088331141121,2013-03-15 14:48:41,Join enigma and @chartio for an exciting line up of data scientists at the next data io meet up Thurs Mar 21@6:30pm! http://t.co/uTD1rCGHWA
309757455146041344,2013-03-07 20:08:26,looking forward to a datathon on #ClimateChange and #Cities with @nyu_ipk! check out presentations on March 10 @ Noon http://t.co/VoJ3Fe5tUN
309718566402392065,2013-03-07 17:33:55,we had a wonderful time presenting @nyfts last night! thanks to a wonderful crowd and @jonzanoff for organizing.
309717890125422592,2013-03-07 17:31:13,intriguing map of average commuting times in the united states published by@npr using #census data.  http://t.co/rRQQptfAc9
308692701942009856,2013-03-04 21:37:30,fascinating visualization of 1M data points from #wwi tracing the movements the british royal naval's fleet @cartodb @guardiantech
308614001045172224,2013-03-04 16:24:46,RT @PrivCo: #Enigma.io uses its #technology to track &gt;100K datasets in multiple industries; “applications near infinite” http://t.co/ ...
307208743697932288,2013-02-28 19:20:46,Thanks to everyone who came out last night and made #dataio such a success! http://t.co/r53Q4nWBRM
306885077785260033,2013-02-27 21:54:38,hello world! @techcrunch Enigma.io Raises $1.1 Million To Structure The World Of Big Data http://t.co/5cWd8WyEzK
306869242463133697,2013-02-27 20:51:43,RT @Besvinick: .@craig_danton demo'ing Enigma.io's very cool product in beta at @startuptribe mtg. @Harvard is an early customer. http:/ ...
306858922860482561,2013-02-27 20:10:43,Join us tonight for an interesting evening with neuroscientist Carl Schoonover and data scientist Paul Nemirovsky! http://t.co/dYdt6IC8U8
